,date,adj_close,mean_compound
0,2009-04-22,15.403722763061525,-0.5574
1,2009-05-06,15.559576988220215,0.6705
2,2009-07-16,16.432828903198242,0.7207
3,2009-07-17,16.260963439941403,0.0
4,2009-08-17,16.367008209228516,-0.1366
5,2009-08-24,16.849681854248047,0.0
6,2009-09-29,17.953975677490234,-0.0516
7,2009-10-12,18.283071517944336,0.24655
8,2009-10-15,19.13456153869629,-0.07655
9,2009-10-16,18.9576358795166,0.0
10,2009-10-21,18.85442352294922,0.5106
11,2009-10-27,18.880226135253906,0.4404
12,2009-10-30,18.640626907348636,-0.21075
13,2011-03-29,18.605880737304688,-0.02039999999999999
14,2011-03-31,18.863548278808594,-0.2621
15,2011-04-04,19.32503700256348,-0.1943
16,2011-04-12,19.6250057220459,0.128
17,2011-04-14,19.799711227416992,0.0
18,2011-04-15,20.149110794067386,0.0
19,2011-04-26,20.098651885986328,0.6369
20,2011-04-27,20.25782012939453,0.0
21,2011-05-02,20.416994094848636,0.0
22,2011-05-24,20.704286575317386,-0.0772
23,2011-05-27,20.01324462890625,0.0
24,2011-06-06,19.80747985839844,-0.2023
25,2011-07-08,20.704286575317386,0.1118
26,2011-07-14,20.82586669921875,0.0
27,2011-07-15,20.778865814208984,-0.1806
28,2011-07-25,20.598648071289066,-0.47355
29,2011-08-15,19.552661895751953,-0.06561428571428572
30,2011-10-14,20.84729766845703,0.294675
31,2012-02-28,22.74587821960449,-0.5859
32,2012-04-12,24.018268585205078,0.0
33,2012-04-13,23.965978622436523,-0.02573333333333333
34,2012-04-17,24.303815841674805,-0.4215
35,2012-04-18,24.31588363647461,0.0
36,2012-04-25,24.774370193481445,-0.2732
37,2012-05-11,24.951326370239254,0.0
38,2012-05-16,25.15643882751465,0.0
39,2012-05-18,24.76230049133301,0.3724
40,2012-05-24,25.10415458679199,-0.39476666666666665
41,2012-07-17,26.938175201416016,-0.6124
42,2012-07-23,26.200477600097656,-0.1027
43,2012-08-01,26.79225730895996,-0.3818
44,2012-08-07,26.76388359069824,0.1779
45,2012-08-09,26.638227462768555,-0.4404
46,2012-08-13,26.747669219970703,0.0
47,2012-08-14,26.82062339782715,0.0
48,2012-08-27,26.638227462768555,0.0
49,2012-09-05,26.65038871765137,-0.2023
50,2012-09-20,28.316295623779297,0.4973
51,2012-09-25,28.198745727539066,-0.1591
52,2012-09-26,28.04471015930176,0.0
53,2012-09-27,28.097415924072266,0.34425
54,2012-10-04,28.689189910888672,0.2732
55,2012-10-18,27.20832061767578,0.0
56,2012-10-19,27.00826072692871,0.20095
57,2012-10-23,26.68570899963379,-0.4215
58,2012-11-08,25.91813468933105,0.0
59,2012-11-09,26.47340583801269,0.0772
60,2012-11-12,26.485652923583984,0.14365
61,2012-11-27,26.15493392944336,-0.027600000000000013
62,2012-11-28,26.36316108703613,0.3612
63,2012-11-29,26.571388244628906,0.0
64,2012-12-04,26.2896728515625,0.0
65,2012-12-05,26.350910186767575,0.4588
66,2012-12-19,26.67755126953125,0.6705
67,2013-01-22,28.112682342529297,0.4939
68,2013-01-24,28.02723503112793,0.5106
69,2013-01-28,28.19812774658203,0.2553
70,2013-02-04,28.625377655029297,0.33055
71,2013-02-13,29.4456844329834,0.5267
72,2013-03-05,29.62512969970703,0.2294
73,2013-03-06,29.28333282470703,0.128
74,2013-03-13,29.91565704345703,-0.29600000000000004
75,2013-04-09,31.325557708740234,0.0
76,2013-04-30,31.667221069335934,0.0
77,2013-05-13,31.17831420898437,0.0
78,2013-06-07,32.173274993896484,0.0
79,2013-06-18,32.173274993896484,0.0
80,2013-06-19,31.05823135375977,0.0
81,2013-07-16,30.74470520019531,0.5106
82,2013-07-18,30.74470520019531,0.0
83,2013-07-19,30.89109992980957,-0.34
84,2013-07-22,30.830829620361328,0.1468
85,2013-07-24,31.390594482421875,0.0
86,2013-07-30,31.76091194152832,0.0
87,2013-08-06,31.08918190002441,0.0
88,2013-08-14,30.667200088500977,0.0
89,2013-08-20,29.89211463928223,0.3182
90,2013-08-27,29.28928375244141,0.0
91,2013-08-28,29.065372467041016,-0.5106
92,2013-09-04,28.81562423706055,0.0
93,2013-09-06,28.850067138671875,0.0
94,2013-09-11,29.92656898498535,0.4939
95,2013-09-17,30.116029739379886,0.11315
96,2013-09-18,30.70163726806641,-0.3182
97,2013-09-24,29.5906982421875,-0.34
98,2013-10-01,29.09120178222656,-0.14800000000000002
99,2013-10-02,29.19455146789551,0.0
100,2013-10-08,28.42808532714844,0.0
101,2013-10-18,32.25012969970703,0.19485
102,2013-10-21,31.87824058532715,0.0
103,2013-10-22,32.016624450683594,0.1909
104,2013-10-24,32.18093490600586,0.5994
105,2013-10-25,32.21553421020508,-0.4019
106,2013-10-31,31.61012840270996,0.1956
107,2013-11-01,31.96471405029297,0.0
108,2013-11-18,32.81228256225586,0.0
109,2013-11-21,32.924694061279304,0.0
110,2013-11-25,32.99388885498047,0.0
111,2013-12-05,31.93012046813965,-0.5267
112,2013-12-10,32.09444808959961,0.0
113,2013-12-12,31.38528060913086,0.0
114,2013-12-17,31.662029266357425,-0.34
115,2013-12-19,32.89011383056641,0.10115
116,2013-12-24,33.02848052978516,0.4588
117,2014-01-07,33.59927749633789,0.0
118,2014-01-13,34.01324462890625,-0.27115
119,2014-01-14,34.41330718994141,0.0
120,2014-01-23,32.55218505859375,0.4215
121,2014-01-24,31.812957763671875,-0.1591
122,2014-01-27,31.569446563720703,0.0
123,2014-01-28,31.63032150268555,0.0
124,2014-01-29,31.178083419799805,0.0
125,2014-01-30,31.769474029541016,0.0
126,2014-01-31,31.88251495361328,0.028450000000000007
127,2014-02-04,31.525959014892575,0.2023
128,2014-02-05,31.6129150390625,0.0
129,2014-02-07,32.334774017333984,0.4767
130,2014-02-14,33.75234222412109,-0.3818
131,2014-02-18,33.85670852661133,-0.4404
132,2014-02-19,33.708858489990234,0.2023
133,2014-03-04,34.891624450683594,-0.5267
134,2014-03-06,34.552452087402344,0.0
135,2014-03-10,34.63071823120117,0.4767
136,2014-03-18,34.552452087402344,0.0
137,2014-03-19,34.308937072753906,0.0
138,2014-03-25,33.39577865600586,0.05695
139,2014-03-31,33.49143600463867,0.0
140,2014-04-08,32.717418670654304,0.5719
141,2014-04-14,33.016738891601555,0.0
142,2014-04-15,33.217941284179695,0.0
143,2014-04-16,33.57662582397461,-0.06313333333333332
144,2014-04-17,34.057796478271484,0.4019
145,2014-04-22,33.769092559814446,-0.5563
146,2014-04-23,33.769092559814446,0.0
147,2014-04-24,33.620372772216804,0.1779
148,2014-04-25,33.27043914794922,0.0
149,2014-05-01,33.83034133911133,0.0
150,2014-05-07,33.847824096679695,0.0
151,2014-05-13,34.696441650390625,0.0
152,2014-05-20,34.591445922851555,-0.29600000000000004
153,2014-05-27,34.626449584960945,0.0
154,2014-05-30,35.002628326416016,-0.14800000000000002
155,2014-06-03,34.83640670776367,0.0
156,2014-06-04,34.77517318725586,0.0
157,2014-06-11,34.993885040283196,-0.09866666666666668
158,2014-06-17,34.87140655517578,-0.2263
159,2014-06-20,35.73749542236328,-0.2202
160,2014-06-24,35.38756561279297,0.0
161,2014-06-30,35.78124237060547,0.21075
162,2014-07-01,36.026206970214844,0.0
163,2014-07-02,36.55984878540039,-0.5267
164,2014-07-03,36.64734268188477,-0.0258
165,2014-07-17,36.852684020996094,0.18656666666666666
166,2014-07-18,37.582706451416016,0.7783
167,2014-07-23,37.793800354003906,0.0
168,2014-07-25,37.855369567871094,0.125
169,2014-07-30,37.69704055786133,0.0
170,2014-08-04,37.28365707397461,0.0
171,2014-08-12,36.56244659423828,0.0
172,2014-08-21,37.22209930419922,0.6369
173,2014-08-25,37.3716049194336,0.0
174,2014-08-26,37.64426803588867,0.0
175,2014-08-28,37.24848937988281,0.4927
176,2014-09-03,37.60909652709961,0.0
177,2014-09-08,37.65306854248047,0.2732
178,2014-09-09,37.67066955566406,0.7845
179,2014-09-12,37.42438507080078,0.29600000000000004
180,2014-09-16,37.73223114013672,0.0
181,2014-09-17,38.15441131591797,0.1779
182,2014-09-24,37.4947509765625,0.0
183,2014-09-26,36.94943618774414,0.0
184,2014-10-03,36.75593185424805,-0.5859
185,2014-10-06,37.25727844238281,0.0
186,2014-10-08,37.063777923583984,0.25
187,2014-10-15,35.37731170654297,-0.3818
188,2014-10-16,35.3596305847168,0.0
189,2014-10-17,36.12888717651367,-0.4404
190,2014-10-21,37.48173904418945,0.0
191,2014-10-23,37.51711654663086,0.2202
192,2014-10-27,37.3491096496582,0.0
193,2014-10-30,38.45437622070313,0.0
194,2014-11-06,38.6312141418457,0.5423
195,2014-11-07,38.34825897216797,0.0
196,2014-11-12,39.10868453979492,0.01530000000000001
197,2014-11-14,38.7373161315918,0.2073
198,2014-11-18,38.64005661010742,-0.3818
199,2014-11-20,38.71079635620117,0.0
200,2014-11-21,38.7373161315918,0.0
201,2014-11-24,39.18825912475586,0.0516
202,2014-11-25,39.046791076660156,0.4215
203,2014-11-26,39.12637710571289,-0.4939
204,2014-12-03,40.39080429077149,0.1956
205,2014-12-04,40.22279357910156,0.0
206,2014-12-09,40.17858505249024,0.0
207,2014-12-10,39.23247528076172,0.4404
208,2014-12-11,39.31206512451172,0.1779
209,2014-12-12,38.6312141418457,0.0
210,2014-12-15,38.42785263061523,-0.3818
211,2014-12-17,39.13521194458008,0.00265
212,2014-12-18,40.470375061035156,0.0
213,2014-12-26,40.54111862182617,-0.0741
214,2014-12-29,40.3200569152832,-0.1366
215,2015-01-06,39.259010314941406,-0.6486
216,2015-01-07,39.57732009887695,0.0
217,2015-01-08,40.39080429077149,0.0
218,2015-01-13,39.65348815917969,-0.17435
219,2015-01-14,39.360145568847656,-0.2023
220,2015-01-15,39.066810607910156,-0.29600000000000004
221,2015-01-20,39.306827545166016,0.0
222,2015-01-21,39.16459655761719,0.1101
223,2015-01-23,38.98681640625,0.0
224,2015-01-26,39.24458694458008,0.0
225,2015-01-27,38.82680892944336,0.0
226,2015-01-28,38.586814880371094,0.555
227,2015-01-29,40.23126602172852,0.07136666666666668
228,2015-01-30,39.78681564331055,0.0
229,2015-02-02,40.20460510253906,-0.3592
230,2015-02-03,40.73793029785156,0.0
231,2015-02-05,40.57793045043945,0.0484
232,2015-02-06,40.44459915161133,0.09603333333333336
233,2015-02-11,39.93793487548828,0.0
234,2015-02-13,40.969051361083984,-0.1779
235,2015-02-19,41.43127059936523,0.5859
236,2015-02-20,42.20460510253906,0.07636
237,2015-02-25,42.13349914550781,0.25895
238,2015-02-26,42.32015609741211,0.17
239,2015-02-27,42.1068229675293,-0.4404
240,2015-03-02,41.9734992980957,0.18076666666666666
241,2015-03-03,41.85794067382813,0.085
242,2015-03-04,41.78681945800781,0.29600000000000004
243,2015-03-05,42.16905212402344,-0.1407
244,2015-03-06,41.33349609375,0.0
245,2015-03-09,41.6268196105957,0.0
246,2015-03-10,41.04015350341797,0.04746
247,2015-03-11,41.15571212768555,0.08882857142857145
248,2015-03-12,42.000160217285156,0.2023
249,2015-03-13,41.67126846313477,-0.2848333333333333
250,2015-03-16,42.51572036743164,0.0
251,2015-03-17,41.85794067382813,0.1909
252,2015-03-18,42.12460708618164,0.0
253,2015-03-19,42.16905212402344,0.2456333333333333
254,2015-03-20,42.19572448730469,0.08895
255,2015-03-23,42.19572448730469,-0.125
256,2015-03-24,41.777931213378906,0.12421249999999998
257,2015-03-25,41.36015701293945,-0.1204
258,2015-03-26,41.33349609375,-0.03423333333333333
259,2015-03-27,41.5823860168457,-0.06425
260,2015-03-30,41.849063873291016,0.038275
261,2015-03-31,41.1823844909668,-0.1806
262,2015-04-01,40.79126739501953,0.29600000000000004
263,2015-04-02,41.00460433959961,0.0
264,2015-04-06,41.15571212768555,-0.3326
265,2015-04-07,41.05792999267578,-0.30355
266,2015-04-08,41.43127059936523,0.0
267,2015-04-13,41.5717658996582,0.19063333333333327
268,2015-04-14,41.7236557006836,0.1953
269,2015-04-15,41.83979415893555,0.0
270,2015-04-16,41.56282424926758,0.24546666666666664
271,2015-04-17,41.32160568237305,0.4767
272,2015-04-20,41.66110610961914,0.2235
273,2015-04-21,42.09888458251953,0.3793
274,2015-04-22,43.19781494140625,0.03619999999999999
275,2015-04-23,43.29610061645508,-0.11534999999999998
276,2015-04-24,43.17102432250977,-0.1531
277,2015-04-27,42.42947006225586,0.039640000000000016
278,2015-04-28,42.51880645751953,-0.4404
279,2015-04-29,42.1435661315918,0.27865999999999996
280,2015-04-30,41.47347640991211,0.03360000000000004
281,2015-05-01,41.71470642089844,-0.8176
282,2015-05-04,41.991676330566406,0.25
283,2015-05-05,41.85766220092773,0.2732
284,2015-05-06,41.58070373535156,0.3952333333333333
285,2015-05-07,41.544960021972656,0.0258
286,2015-05-08,42.50094223022461,0.0
287,2015-05-11,42.28651428222656,-0.20095
288,2015-05-12,42.107826232910156,0.125
289,2015-05-13,42.01847839355469,0.4588
290,2015-05-15,43.51946640014648,-0.064
291,2015-05-18,43.63560485839844,0.0
292,2015-05-19,43.78749084472656,0.0
293,2015-05-21,44.08233642578125,-0.12294999999999998
294,2015-05-22,43.80537414550781,0.1252
295,2015-05-26,43.421180725097656,0.2023
296,2015-05-27,43.78749084472656,0.0
297,2015-05-28,44.0108528137207,0.2549333333333333
298,2015-05-29,43.421180725097656,0.29600000000000004
299,2015-06-01,43.72495651245117,0.0
300,2015-06-02,43.72495651245117,-0.09866666666666668
301,2015-06-03,43.65347671508789,-0.05963333333333334
302,2015-06-05,43.28716278076172,-0.10606666666666666
303,2015-06-09,43.04594421386719,-0.2320666666666667
304,2015-06-10,43.33182907104492,0.128
305,2015-06-11,43.8321533203125,0.08508333333333329
306,2015-06-12,43.48371887207031,-0.1589
307,2015-06-15,42.947662353515625,-0.1421
308,2015-06-16,43.31398010253906,0.32730000000000004
309,2015-06-18,44.61839294433594,0.0
310,2015-06-22,44.69880294799805,-0.19063333333333327
311,2015-06-23,44.56478500366211,-0.279125
312,2015-06-25,44.07339477539063,0.0
313,2015-06-26,44.64519119262695,0.0212
314,2015-06-29,43.78749084472656,-0.1585
315,2015-06-30,43.85002899169922,0.28595
316,2015-07-01,44.24314880371094,-0.1727
317,2015-07-06,44.43970489501953,-0.2068
318,2015-07-08,44.001914978027344,-0.5748
319,2015-07-09,43.94831466674805,0.0
320,2015-07-10,44.60946273803711,0.0
321,2015-07-14,45.06732177734375,0.0
322,2015-07-15,44.268310546875,0.031575
323,2015-07-16,44.68127822875977,0.17539999999999994
324,2015-07-17,44.79798889160156,-0.021733333333333344
325,2015-07-20,44.94163131713867,0.0
326,2015-07-21,44.67230224609375,0.1806
327,2015-07-22,45.76757049560547,-0.07543333333333334
328,2015-07-23,45.9650764465332,0.4767
329,2015-07-24,45.83041763305664,0.0
330,2015-07-27,45.50721740722656,0.0
331,2015-07-28,45.73164367675781,0.0822
332,2015-07-29,45.839393615722656,0.28076666666666666
333,2015-07-30,45.57904052734375,0.07655
334,2015-08-03,45.33664321899414,0.0
335,2015-08-04,45.34562301635742,0.0
336,2015-08-05,45.31867980957031,0.0
337,2015-08-06,45.17504119873047,0.227975
338,2015-08-07,44.986515045166016,0.2046
339,2015-08-10,45.48028564453125,-0.06434999999999999
340,2015-08-11,45.23788452148438,-0.055733333333333336
341,2015-08-12,44.968563079833984,0.0
342,2015-08-13,44.74412536621094,-0.2114666666666667
343,2015-08-17,45.22890853881836,0.13061666666666666
344,2015-08-19,44.74412536621094,0.0
345,2015-08-20,43.56806182861328,0.0
346,2015-08-24,39.23191452026367,-0.2732
347,2015-08-25,38.51370620727539,0.2411
348,2015-08-27,40.973548889160156,-0.13396666666666665
349,2015-08-28,41.314697265625,0.1909
350,2015-08-31,40.65935134887695,0.06443333333333333
351,2015-09-01,39.115196228027344,-0.3548
352,2015-09-02,39.71669387817383,0.0
353,2015-09-04,38.66632080078125,0.0
354,2015-09-08,39.53714370727539,0.0
355,2015-09-10,38.71120071411133,0.0
356,2015-09-14,38.75609588623047,-0.050575
357,2015-09-15,39.33065414428711,-0.0172
358,2015-09-16,39.37554550170898,0.035199999999999995
359,2015-09-17,39.71669387817383,0.2732
360,2015-09-18,38.89973449707031,0.3818
361,2015-09-21,38.87279891967773,0.4404
362,2015-09-22,38.136634826660156,-0.2732
363,2015-09-23,37.8852767944336,0.24295
364,2015-09-24,37.65185546875,-0.11315
365,2015-09-25,36.68228149414063,0.0
366,2015-09-29,35.46133041381836,0.3182
367,2015-09-30,36.10771942138672,-0.030074999999999987
368,2015-10-01,36.59250259399414,0.208225
369,2015-10-02,37.149112701416016,-0.20095
370,2015-10-05,37.15808868408203,0.14800000000000002
371,2015-10-06,35.81146240234375,0.5106
372,2015-10-07,36.47578811645508,0.0
373,2015-10-08,36.95160675048828,-0.029039999999999996
374,2015-10-09,37.60696029663086,0.0
375,2015-10-13,36.949466705322266,0.2263
376,2015-10-14,36.76888656616211,0.0
377,2015-10-16,38.12332534790039,0.1625
378,2015-10-20,37.68989944458008,0.1964428571428571
379,2015-10-21,38.10527420043945,-0.3286
380,2015-10-22,39.27913284301758,-0.4019
381,2015-10-23,39.36942672729492,0.0
382,2015-10-26,39.37845230102539,0.128
383,2015-10-27,39.62225341796875,-0.11953333333333332
384,2015-10-28,40.41686630249024,0.0
385,2015-10-29,40.85029602050781,-0.27115
386,2015-10-30,40.452980041503906,0.0
387,2015-11-02,41.02185821533203,0.17
388,2015-11-03,41.09408950805664,0.050575
389,2015-11-04,40.796119689941406,0.02063333333333332
390,2015-11-05,40.796119689941406,0.3818
391,2015-11-06,41.20245361328125,-0.05295
392,2015-11-09,40.67872619628906,0.5644
393,2015-11-10,41.3198356628418,0.0
394,2015-11-11,40.69679260253906,0.4404
395,2015-11-12,39.90217590332031,-0.056166666666666684
396,2015-11-13,39.694496154785156,0.0
397,2015-11-16,40.52522277832031,-0.6096
398,2015-11-17,40.4259033203125,-0.06796666666666666
399,2015-11-19,41.292747497558594,-0.128
400,2015-11-23,41.03088760375977,0.34
401,2015-12-01,41.04894638061523,0.128
402,2015-12-02,40.83223342895508,0.058533333333333326
403,2015-12-07,41.13923263549805,-0.10986666666666664
404,2015-12-09,40.59746170043945,0.0
405,2015-12-10,40.91350555419922,-0.27115
406,2015-12-11,40.0556755065918,0.0
407,2015-12-14,40.462013244628906,0.2408
408,2015-12-15,41.16633224487305,-0.039699999999999985
409,2015-12-16,41.58169555664063,0.042433333333333344
410,2015-12-17,40.86835479736328,0.11315
411,2015-12-18,39.4597282409668,0.4588
412,2015-12-21,39.76673126220703,0.3182
413,2015-12-22,40.164039611816406,0.13214
414,2015-12-23,40.723876953125,0.06885000000000001
415,2015-12-24,40.723876953125,0.0
416,2015-12-30,40.87738037109375,0.0
417,2015-12-31,40.55231094360352,-0.1618
418,2016-01-04,38.76443481445313,0.0
419,2016-01-05,38.75539779663086,0.0111
420,2016-01-06,38.430335998535156,-0.20095
421,2016-01-08,36.72372055053711,-0.030949999999999974
422,2016-01-12,37.43707656860352,0.1779
423,2016-01-13,36.6010971069336,0.2732
424,2016-01-14,37.34619903564453,0.08026666666666668
425,2016-01-15,36.83735656738281,-0.5267
426,2016-01-19,36.73740005493164,-0.5574
427,2016-01-20,36.31031799316406,0.5248
428,2016-01-21,35.87417221069336,0.059325
429,2016-01-22,36.373931884765625,-0.3182
430,2016-01-25,36.03773498535156,-0.06905
431,2016-01-26,36.4920539855957,0.0
432,2016-01-27,36.77374649047852,-0.08495000000000001
433,2016-01-28,33.35715866088867,0.18915555555555555
434,2016-01-29,34.39303207397461,-0.019966666666666667
435,2016-02-01,34.938236236572266,-0.1108
436,2016-02-02,34.420303344726555,0.1772
437,2016-02-03,34.54751205444336,-0.042625
438,2016-02-04,34.538429260253906,0.179375
439,2016-02-05,33.99322509765625,-0.13396666666666665
440,2016-02-09,33.62067031860352,0.3402
441,2016-02-10,33.81150436401367,0.183775
442,2016-02-11,33.020950317382805,0.4019
443,2016-02-12,33.738800048828125,0.03423333333333333
444,2016-02-16,34.52025604248047,0.07144999999999999
445,2016-02-18,34.811023712158196,0.0
446,2016-02-19,35.01092529296875,-0.2557
447,2016-02-23,34.883724212646484,-0.043433333333333324
448,2016-02-24,35.6197395324707,-0.09545
449,2016-02-25,36.01047134399414,0.802
450,2016-02-29,35.20174789428711,-0.011739999999999992
451,2016-03-01,35.73786163330078,-0.33485
452,2016-03-02,35.7469482421875,-0.07725
453,2016-03-03,35.27444839477539,0.2974666666666667
454,2016-03-04,35.60155868530273,0.0
455,2016-03-07,35.60155868530273,0.0
456,2016-03-09,35.69243621826172,0.4225
457,2016-03-10,35.46525955200195,0.0129
458,2016-03-11,36.68288040161133,-0.10413333333333334
459,2016-03-14,36.80100631713867,0.4019
460,2016-03-15,36.25581359863281,0.32730000000000004
461,2016-03-16,36.510231018066406,0.0
462,2016-03-18,37.06451416015625,0.0
463,2016-03-21,37.03726196289063,0.1894
464,2016-03-22,37.28259658813477,0.0
465,2016-03-23,37.05543518066406,-0.2202
466,2016-03-28,37.146297454833984,0.0
467,2016-03-30,37.84597396850586,0.0
468,2016-03-31,38.00953674316406,0.0386
469,2016-04-01,38.33665466308594,-0.1531
470,2016-04-06,39.118106842041016,-0.0132
471,2016-04-07,38.718299865722656,0.0
472,2016-04-08,38.50021362304688,-0.1562
473,2016-04-11,38.60016250610352,0.1785
474,2016-04-12,38.909122467041016,0.4215
475,2016-04-13,39.631343841552734,0.0
476,2016-04-14,39.77762222290039,-0.022266666666666674
477,2016-04-15,39.68619918823242,-0.10964999999999996
478,2016-04-18,40.17988204956055,-0.23835
479,2016-04-19,40.08845520019531,0.0
480,2016-04-20,40.19816207885742,0.17753333333333335
481,2016-04-22,40.29872512817383,-0.23835
482,2016-04-25,40.2347297668457,0.0
483,2016-04-26,40.11588668823242,0.0
484,2016-04-27,40.070167541503906,-0.2269333333333333
485,2016-04-28,36.95269393920898,-0.12765
486,2016-04-29,35.563087463378906,-0.19284
487,2016-05-02,35.517356872558594,-0.33483333333333337
488,2016-05-03,35.24310302734375,0.29295
489,2016-05-04,34.83169937133789,-0.0683
490,2016-05-05,35.19739151000977,0.0528
491,2016-05-06,34.71284866333008,-0.1744
492,2016-05-10,34.83169937133789,0.2999
493,2016-05-11,34.74941635131836,-0.10297499999999997
494,2016-05-12,34.74028778076172,-0.12726666666666667
495,2016-05-13,34.37460327148437,0.09866666666666668
496,2016-05-16,34.968833923339844,0.165425
497,2016-05-17,34.47515869140625,0.1591
498,2016-05-18,34.511722564697266,-0.0908
499,2016-05-19,34.04547882080078,-0.15725
500,2016-05-23,34.164318084716804,0.12765
501,2016-05-24,34.72199249267578,-0.09866666666666668
502,2016-05-25,35.36194610595703,0.06275
503,2016-05-26,35.55393600463867,0.09545
504,2016-05-31,36.2304573059082,0.1901
505,2016-06-01,36.111610412597656,0.16423333333333334
506,2016-06-02,36.1390380859375,-0.2787
507,2016-06-03,35.819053649902344,0.042666666666666665
508,2016-06-06,35.80991744995117,0.14706000000000002
509,2016-06-07,35.59049606323242,-0.0059999999999999975
510,2016-06-08,35.57222366333008,0.0
511,2016-06-09,35.535648345947266,0.17835
512,2016-06-10,35.105972290039055,-0.0507
513,2016-06-13,34.612289428710945,0.20285
514,2016-06-14,34.429443359375,-0.6124
515,2016-06-15,34.219165802001946,0.0
516,2016-06-16,34.283172607421875,-0.10066666666666664
517,2016-06-17,34.182601928710945,0.2023
518,2016-06-20,34.511722564697266,0.45855
519,2016-06-21,34.49344253540039,-0.07524285714285714
520,2016-06-22,35.41679763793945,0.0510857142857143
521,2016-06-23,36.2304573059082,0.022999999999999996
522,2016-06-27,33.780345916748054,-0.17822500000000002
523,2016-06-28,34.33802032470703,-0.023825
524,2016-06-29,35.26138687133789,0.0
525,2016-06-30,35.93790817260742,0.2538888888888889
526,2016-07-01,36.14817810058594,0.356275
527,2016-07-05,36.05674743652344,0.0
528,2016-07-06,37.32751846313477,-0.4404
529,2016-07-07,37.81205368041992,0.4939
530,2016-07-08,38.29658126831055,0.1204
531,2016-07-11,38.50686264038086,0.0
532,2016-07-12,38.82683563232422,0.106975
533,2016-07-13,38.6060676574707,-0.0903
534,2016-07-14,38.89122772216797,0.0023000000000000056
535,2016-07-15,38.72565078735352,-0.19595
536,2016-07-18,38.71644973754883,-0.21075
537,2016-07-19,38.44969177246094,0.0386
538,2016-07-20,39.23157501220703,0.06364
539,2016-07-21,39.59031677246094,-0.18475
540,2016-07-22,39.709877014160156,0.4019
541,2016-07-25,39.93064880371094,0.20974285714285715
542,2016-07-26,40.10542297363281,-0.19125
543,2016-07-27,40.1698112487793,0.1947
544,2016-07-28,40.887298583984375,0.0456375
545,2016-07-29,41.16324996948242,-0.07855000000000001
546,2016-08-01,41.659969329833984,-0.12412857142857145
547,2016-08-02,41.45759582519531,-0.58735
548,2016-08-03,41.34722900390625,0.0
549,2016-08-04,41.21844100952149,0.0
550,2016-08-05,41.63237380981445,0.0
551,2016-08-09,41.4668083190918,0.1531
552,2016-08-10,41.21844100952149,0.085
553,2016-08-11,41.43920516967773,0.0
554,2016-08-12,41.43000411987305,-0.53505
555,2016-08-17,41.09885787963867,0.07980000000000001
556,2016-08-18,40.804500579833984,0.199875
557,2016-08-19,40.69412612915039,0.14495
558,2016-08-23,40.381385803222656,0.13396666666666665
559,2016-08-24,39.709877014160156,0.17020000000000002
560,2016-08-25,39.406349182128906,0.0
561,2016-08-26,39.53512573242188,0.1779
562,2016-08-30,39.39715194702149,0.30155
563,2016-08-31,38.65206527709961,0.16463333333333333
564,2016-09-01,38.90961837768555,-0.1204
565,2016-09-02,38.71644973754883,0.0
566,2016-09-06,38.78083801269531,0.0
567,2016-09-07,38.54168319702149,0.07543333333333334
568,2016-09-08,38.49568176269531,0.1366
569,2016-09-12,38.10014724731445,0.15086666666666668
570,2016-09-13,37.38267135620117,0.058533333333333326
571,2016-09-14,37.53904342651367,0.08895
572,2016-09-15,37.82420349121094,0.12683333333333335
573,2016-09-16,38.51408386230469,-0.5574
574,2016-09-19,38.339317321777344,0.01734999999999999
575,2016-09-20,38.24733352661133,0.0
576,2016-09-21,38.56007766723633,0.0
577,2016-09-22,38.83603286743164,0.2334333333333333
578,2016-09-23,38.80843353271485,0.0
579,2016-09-26,38.339317321777344,-0.130575
580,2016-09-27,38.93721389770508,-0.24825
581,2016-09-28,38.90042114257813,0.1779
582,2016-09-29,38.1185417175293,0.802
583,2016-10-03,39.13957595825195,-0.2732
584,2016-10-04,38.72565078735352,-0.016133333333333333
585,2016-10-05,39.314353942871094,-0.1269
586,2016-10-06,39.52592086791992,-0.18338
587,2016-10-07,39.52592086791992,0.16536666666666666
588,2016-10-10,40.01344299316406,0.0
589,2016-10-11,37.86099624633789,0.0230625
590,2016-10-12,37.93505096435547,0.2612333333333334
591,2016-10-13,37.93505096435547,0.0
592,2016-10-14,37.75916290283203,-0.29600000000000004
593,2016-10-17,37.57402801513672,-0.17
594,2016-10-18,38.11092758178711,0.125
595,2016-10-19,37.0371208190918,0.57375
596,2016-10-20,37.712886810302734,-0.28425
597,2016-10-21,37.4907112121582,-0.125575
598,2016-10-25,37.20374298095703,0.0
599,2016-10-26,36.99083709716797,0.159225
600,2016-10-27,37.29631805419922,-0.021433333333333332
601,2016-10-28,36.60204315185547,0.051260000000000014
602,2016-10-31,36.32433700561523,0.0
603,2016-11-01,36.14845275878906,0.0
604,2016-11-02,35.82445907592773,-0.044542857142857134
605,2016-11-03,35.528236389160156,-0.3818
606,2016-11-04,36.185489654541016,0.064
607,2016-11-07,36.89826583862305,0.0
608,2016-11-08,36.870506286621094,0.0193
609,2016-11-10,37.59254455566406,-0.015433333333333337
610,2016-11-11,37.15746307373047,-0.3243
611,2016-11-14,36.28730773925781,-0.2199
612,2016-11-15,36.85198593139648,0.2148
613,2016-11-16,36.9815788269043,0.14800000000000002
614,2016-11-17,37.38888931274414,-0.1727
615,2016-11-18,36.8797607421875,-0.13865714285714287
616,2016-11-21,36.80569839477539,0.0962
617,2016-11-23,36.08364868164063,-0.11503333333333332
618,2016-11-28,35.86148452758789,0.0
619,2016-11-29,35.85222625732422,-0.1779
620,2016-11-30,35.24127578735352,0.0
621,2016-12-01,34.80619430541992,0.1366
622,2016-12-06,35.56526184082031,0.0412
623,2016-12-07,35.62080764770508,-0.4019
624,2016-12-13,36.50946807861328,-0.05135
625,2016-12-14,35.93554306030273,-0.5267
626,2016-12-15,36.03737258911133,0.18795
627,2016-12-16,35.26904296875,-0.29600000000000004
628,2016-12-19,35.49120330810547,0.0
629,2016-12-20,35.352352142333984,0.0
630,2016-12-21,35.39863967895508,-0.5106
631,2016-12-22,35.44491958618164,0.0
632,2016-12-28,35.380126953125,0.0
633,2016-12-29,35.46344375610352,-0.1366
634,2017-01-04,36.43542098999024,0.0
635,2017-01-05,36.75015258789063,0.08895
636,2017-01-09,37.712886810302734,0.4215
637,2017-01-10,38.22201156616211,0.0772
638,2017-01-11,38.27325439453125,-0.05618
639,2017-01-17,38.10554885864258,0.0
640,2017-01-18,37.9751205444336,0.0769
641,2017-01-20,37.695613861083984,0.0
642,2017-01-23,37.58382034301758,0.0
643,2017-01-24,37.55586624145508,0.008350000000000024
644,2017-01-26,38.16145324707031,0.3548
645,2017-02-01,39.4378547668457,0.013933333333333315
646,2017-02-02,39.82916259765625,0.18433333333333327
647,2017-02-03,39.85710144042969,0.1909
648,2017-02-06,39.53101348876953,-0.2263
649,2017-02-07,39.9595947265625,-0.038275
650,2017-02-08,39.50306701660156,0.08895
651,2017-02-09,39.63350296020508,0.1779
652,2017-02-10,39.81984329223633,0.0
653,2017-02-14,40.66767120361328,-0.3182
654,2017-02-15,40.993751525878906,0.5739
655,2017-02-16,41.180091857910156,-0.16596666666666668
656,2017-02-17,41.63660430908203,0.128
657,2017-02-21,41.934730529785156,0.4939
658,2017-02-22,41.934730529785156,0.0
659,2017-02-23,42.298095703125,0.4019
660,2017-02-24,42.55896377563477,-0.33046
661,2017-02-27,42.35399627685547,0.1154
662,2017-03-01,42.4751091003418,-0.064825
663,2017-03-02,42.56828308105469,-0.4588
664,2017-03-03,42.158348083496094,0.0
665,2017-03-06,42.04654312133789,-0.06325
666,2017-03-07,41.92542266845703,-0.65785
667,2017-03-08,42.26082992553711,0.0
668,2017-03-09,42.51237869262695,-0.12358
669,2017-03-13,42.419212341308594,-0.2202
670,2017-03-14,41.73909759521485,-0.2202
671,2017-03-15,42.22356033325195,-0.09106666666666667
672,2017-03-16,41.90679168701172,-0.2409
673,2017-03-17,42.102439880371094,-0.042666666666666665
674,2017-03-20,41.90679168701172,-0.2023
675,2017-03-21,41.73909759521485,-0.06763333333333334
676,2017-03-22,41.7484130859375,0.25288000000000005
677,2017-03-23,41.71113586425781,-0.3967333333333333
678,2017-03-24,41.67387390136719,0.0
679,2017-03-27,41.64593124389648,-0.2400333333333333
680,2017-03-28,41.64593124389648,0.045340000000000005
681,2017-03-29,41.61796569824219,-0.11348
682,2017-03-30,41.50616455078125,0.1806
683,2017-03-31,41.37574005126953,0.0
684,2017-04-03,41.43164443969727,0.032975
685,2017-04-04,41.16145706176758,-0.27055
686,2017-04-05,40.807411193847656,-0.1027
687,2017-04-06,40.6862907409668,-0.29485
688,2017-04-07,40.835365295410156,0.0
689,2017-04-10,40.61176300048828,0.32482500000000003
690,2017-04-11,40.85079193115234,0.4878
691,2017-04-12,40.75705337524414,-0.041599999999999984
692,2017-04-13,39.99778366088867,-0.15503333333333333
693,2017-04-17,40.59770584106445,0.032
694,2017-04-18,40.71018600463867,-0.0277
695,2017-04-19,40.86016845703125,0.0
696,2017-04-20,41.22574234008789,0.064
697,2017-04-24,41.366355895996094,0.2098
698,2017-04-25,41.01952362060547,0.1204
699,2017-04-26,41.05701446533203,-0.038866666666666654
700,2017-04-27,40.916419982910156,-0.022271428571428567
701,2017-04-28,40.907039642333984,0.18618333333333334
702,2017-05-01,40.75705337524414,0.0
703,2017-05-03,40.98202896118164,-0.042666666666666665
704,2017-05-04,41.797550201416016,-0.07384999999999999
705,2017-05-05,41.84440994262695,-0.274775
706,2017-05-08,41.88190841674805,-0.07467499999999999
707,2017-05-09,41.87252426147461,0.08895
708,2017-05-10,41.71318054199219,-0.0412
709,2017-05-11,41.11326217651367,-0.30306666666666665
710,2017-05-12,41.20699691772461,-0.21682
711,2017-05-15,41.2819938659668,0.06416000000000001
712,2017-05-16,40.95390319824219,0.09476666666666668
713,2017-05-17,40.38211059570313,0.3548
714,2017-05-18,40.288368225097656,-0.04599999999999999
715,2017-05-22,40.991397857666016,0.18642
716,2017-05-23,40.94453048706055,0.0
717,2017-05-24,40.80392456054688,-0.09912
718,2017-05-25,41.1976203918457,0.5859
719,2017-05-26,41.9100341796875,0.0
720,2017-05-30,42.18186569213867,0.0
721,2017-05-31,42.800537109375,0.20546666666666666
722,2017-06-01,43.212974548339844,0.14401999999999998
723,2017-06-02,43.587928771972656,0.19343333333333332
724,2017-06-05,43.70040893554688,0.23695
725,2017-06-06,43.456703186035156,0.10194285714285714
726,2017-06-07,43.6441764831543,0.025333333333333333
727,2017-06-08,43.79415512084961,0.3612
728,2017-06-09,44.32845687866211,0.0
729,2017-06-12,44.21596908569336,0.1124
730,2017-06-13,44.48781204223633,0.09983636363636364
731,2017-06-14,44.65653610229492,-0.2145
732,2017-06-15,45.10647201538086,-0.16294999999999998
733,2017-06-16,45.19084167480469,0.29600000000000004
734,2017-06-19,45.8282585144043,0.3333
735,2017-06-20,45.71577453613281,0.03207142857142855
736,2017-06-21,45.52829360961914,-0.343475
737,2017-06-22,46.18446731567383,-0.14074545454545453
738,2017-06-23,46.0063591003418,0.14574285714285715
739,2017-06-26,45.84700393676758,0.17212500000000006
740,2017-06-27,45.62203598022461,0.00761
741,2017-06-28,45.44392776489258,0.02574
742,2017-06-29,45.67827224731445,0.2587
743,2017-06-30,45.56579208374024,0.0
744,2017-07-03,45.6595344543457,0.09714
745,2017-07-05,45.93136978149414,0.13378333333333334
746,2017-07-06,44.93775177001953,-0.10115
747,2017-07-07,45.40644073486328,0.09975714285714286
748,2017-07-10,45.20959091186523,0.2263
749,2017-07-11,45.13460159301758,-0.040524999999999985
750,2017-07-12,45.648292541503906,0.17203333333333334
751,2017-07-13,45.31840133666992,0.0
752,2017-07-17,45.95934295654297,-0.029977777777777773
753,2017-07-18,45.94049072265625,-0.3182
754,2017-07-19,46.590858459472656,-0.21075
755,2017-07-20,47.9292984008789,-0.5106
756,2017-07-21,47.91986846923828,0.0
757,2017-07-24,47.88216781616211,0.02746
758,2017-07-25,47.91044235229492,0.12920384615384614
759,2017-07-26,47.5051383972168,-0.06492727272727272
760,2017-07-27,47.2318000793457,-0.1137
761,2017-07-28,46.76051712036133,0.064
762,2017-08-01,46.32693862915039,-0.11315
763,2017-08-03,46.33637237548828,0.17043333333333333
764,2017-08-04,46.43061828613281,-0.166
765,2017-08-07,46.46832275390625,-0.1828
766,2017-08-08,46.07243728637695,0.1806
767,2017-08-09,45.96876525878906,0.0593
768,2017-08-10,45.29955291748047,-0.151075
769,2017-08-11,45.75198364257813,-0.5641
770,2017-08-14,46.260963439941406,-0.055766666666666666
771,2017-08-15,46.01588821411133,-0.0086
772,2017-08-16,46.94902420043945,0.1444666666666667
773,2017-08-17,46.45889663696289,0.1842
774,2017-08-18,45.94049072265625,0.131675
775,2017-08-21,46.07243728637695,-0.3657666666666666
776,2017-08-22,46.85477066040039,0.0
777,2017-08-23,46.78878402709961,-0.002274999999999999
778,2017-08-24,46.54373550415039,-0.01137500000000001
779,2017-08-25,46.51545333862305,0.2513
780,2017-08-28,47.3731803894043,0.19063333333333327
781,2017-08-29,47.26950073242188,0.07955
782,2017-08-30,47.2318000793457,0.0
783,2017-08-31,48.01412582397461,0.06698333333333333
784,2017-09-01,48.2403450012207,0.2997
785,2017-09-05,48.09895324707031,0.2622666666666667
786,2017-09-06,48.24977111816406,0.26108000000000003
787,2017-09-07,48.53253555297852,0.07052
788,2017-09-08,49.0320930480957,-0.218925
789,2017-09-11,49.43739700317383,0.17556666666666665
790,2017-09-12,49.24888229370117,0.0875
791,2017-09-13,49.01324462890625,-0.23842
792,2017-09-14,48.72105026245117,-0.02562727272727273
793,2017-09-15,48.787025451660156,-0.25862857142857143
794,2017-09-18,49.08864974975586,0.17323333333333335
795,2017-09-19,48.45712661743164,0.08904999999999999
796,2017-09-20,48.90956115722656,0.22104285714285712
797,2017-09-21,48.47598266601562,-0.07689999999999997
798,2017-09-22,49.49394989013672,0.0772
799,2017-09-25,49.58820343017578,0.0
800,2017-09-26,49.81441879272461,0.1406
801,2017-09-27,49.15462875366211,0.09116666666666666
802,2017-09-28,50.559043884277344,-0.282875
803,2017-09-29,50.295127868652344,-0.07680000000000001
804,2017-10-02,50.59674835205078,0.09245
805,2017-10-03,50.66271591186523,0.05163333333333333
806,2017-10-04,51.21883773803711,0.29600000000000004
807,2017-10-05,51.76552200317383,0.050575
808,2017-10-06,51.8409309387207,-0.23565
809,2017-10-09,51.52046203613281,0.27919999999999995
810,2017-10-10,52.21795654296875,0.05464
811,2017-10-11,51.31309509277344,0.1937
812,2017-10-12,51.81982421875,0.0206
813,2017-10-13,51.76300048828125,0.1101
814,2017-10-16,51.74405288696289,0.09300000000000001
815,2017-10-17,52.15134048461914,-0.16137777777777776
816,2017-10-18,52.82383346557617,0.2778
817,2017-10-19,53.04168701171875,0.15733333333333335
818,2017-10-20,53.34477615356445,-0.11315
819,2017-10-23,53.11745834350586,0.1395
820,2017-10-24,52.45444107055664,-0.08778333333333332
821,2017-10-25,52.558631896972656,0.1217
822,2017-10-26,52.54915618896485,0.2490142857142857
823,2017-10-27,52.4449577331543,0.0
824,2017-10-30,51.42202377319336,0.06112857142857143
825,2017-10-31,51.36518859863281,-0.06698333333333333
826,2017-11-01,51.14734268188477,-0.05865714285714285
827,2017-11-02,51.49778747558594,0.0311
828,2017-11-03,52.53968811035156,-0.3469333333333333
829,2017-11-06,52.10397720336914,0.0
830,2017-11-07,52.246055603027344,-0.1867
831,2017-11-08,52.331298828125,-0.14350000000000002
832,2017-11-09,52.5207405090332,-0.16312
833,2017-11-13,52.3786735534668,0.07116
834,2017-11-14,52.10397720336914,0.09866666666666668
835,2017-11-15,51.93349075317383,0.11148
836,2017-11-16,52.60598754882813,0.14261666666666664
837,2017-11-17,52.62492370605469,0.13396666666666665
838,2017-11-20,52.36919021606445,0.25061999999999995
839,2017-11-21,53.15533828735352,-0.03936666666666666
840,2017-11-22,52.85224914550781,-0.0246
841,2017-11-24,53.16481399536133,-0.1858
842,2017-11-27,53.18376541137695,-0.04689999999999999
843,2017-11-28,53.06062316894531,0.00198888888888888
844,2017-11-29,52.64387130737305,0.12016000000000003
845,2017-11-30,53.392127990722656,0.07925
846,2017-12-01,53.022743225097656,-0.20226666666666668
847,2017-12-04,51.81982421875,-0.06945
848,2017-12-05,51.89561080932617,0.1131375
849,2017-12-06,51.77247619628906,0.13324285714285716
850,2017-12-07,51.8008804321289,-0.042666666666666665
851,2017-12-08,51.75353240966797,0.20095
852,2017-12-11,52.03767776489258,0.07316666666666667
853,2017-12-12,52.75753402709961,-0.196125
854,2017-12-13,52.15134048461914,0.4767
855,2017-12-14,51.83877563476562,0.07768
856,2017-12-15,52.568092346191406,-0.14716666666666664
857,2017-12-18,53.42055130004883,0.0706
858,2017-12-19,53.79941940307617,-0.3182
859,2017-12-20,54.00779724121094,0.2733333333333334
860,2017-12-21,53.92255020141602,0.1876
861,2017-12-22,53.92255020141602,-0.21075
862,2017-12-26,53.98886108398438,0.07095
863,2017-12-27,54.43402862548828,-0.4215
864,2017-12-29,54.05515670776367,0.4340000000000001
865,2018-01-02,55.684303283691406,-0.128
866,2018-01-03,55.80742645263672,0.27685
867,2018-01-04,55.71271133422852,0.395
868,2018-01-05,55.87372207641602,-0.17834999999999998
869,2018-01-08,55.71271133422852,-0.1537
870,2018-01-09,55.80742645263672,-0.015866666666666678
871,2018-01-11,56.10286712646485,-0.09795999999999998
872,2018-01-12,55.9981689453125,0.008800000000000006
873,2018-01-16,55.61749267578125,0.10601666666666666
874,2018-01-17,56.14093399047852,-0.022974999999999995
875,2018-01-18,56.21707153320313,0.123475
876,2018-01-19,56.445472717285156,0.2155
877,2018-01-22,56.69292068481445,0.3022333333333333
878,2018-01-23,56.36934280395508,0.13214285714285712
879,2018-01-24,58.73908233642578,-0.017159999999999998
880,2018-01-25,60.16663360595703,-0.13656666666666664
881,2018-01-26,60.356971740722656,0.0593
882,2018-01-29,60.25228881835938,0.17020000000000002
883,2018-01-30,59.42430877685547,-0.03824285714285714
884,2018-01-31,59.1578254699707,-0.020971428571428568
885,2018-02-01,59.17686462402344,0.09961111111111112
886,2018-02-02,58.71052932739258,-0.1366
887,2018-02-05,55.89348602294922,0.04536666666666665
888,2018-02-06,56.0172119140625,0.098525
889,2018-02-07,55.836387634277344,0.0
890,2018-02-08,53.55229949951172,-0.16402499999999998
891,2018-02-09,54.40883255004883,0.15293333333333334
892,2018-02-12,54.637245178222656,-0.014133333333333331
893,2018-02-13,54.85613250732422,0.0
894,2018-02-14,55.46522521972656,-0.13187500000000002
895,2018-02-15,56.62629318237305,-0.08246666666666667
896,2018-02-16,57.26394271850586,0.06743333333333333
897,2018-02-20,56.26465225219727,0.0658
898,2018-02-21,56.14093399047852,-0.2933
899,2018-02-23,56.8261604309082,0.1702
900,2018-02-26,57.60655975341797,0.10606666666666666
901,2018-02-27,57.6255874633789,0.026416666666666668
902,2018-02-28,57.416221618652344,0.14837999999999998
903,2018-03-01,55.95059204101562,-0.044585714285714284
904,2018-03-02,56.58823013305664,-0.38915
905,2018-03-05,57.45428085327149,0.085
906,2018-03-06,57.93964767456055,0.10115
907,2018-03-07,58.32984924316406,0.126
908,2018-03-08,58.8818359375,-0.285625
909,2018-03-09,60.52827835083008,0.19593333333333335
910,2018-03-12,60.54732131958008,0.016399999999999998
911,2018-03-13,60.14760208129883,0.05142000000000002
912,2018-03-14,59.82402420043945,-0.1668
913,2018-03-15,59.56706237792969,-0.22453636363636365
914,2018-03-16,60.12856674194336,0.03558
915,2018-03-19,59.25299835205078,-0.08185714285714285
916,2018-03-20,59.62416076660156,-0.07983333333333333
917,2018-03-21,59.40528106689453,-0.06281428571428571
918,2018-03-22,57.98723602294922,0.06607500000000002
919,2018-03-23,56.62629318237305,-0.019299999999999998
920,2018-03-26,58.12047576904297,-0.125
921,2018-03-27,57.36863327026367,-0.11263157894736844
922,2018-03-28,56.36934280395508,-0.046653846153846164
923,2018-03-29,57.0260124206543,-0.1081333333333333
924,2018-04-02,55.39860153198242,-0.08077999999999999
925,2018-04-03,56.15045547485352,0.15165000000000006
926,2018-04-04,56.58823013305664,0.026139999999999983
927,2018-04-05,56.96891784667969,-0.0985
928,2018-04-06,54.789512634277344,-0.0258
929,2018-04-09,55.40812683105469,0.20095
930,2018-04-10,56.28368759155274,0.058675
931,2018-04-11,55.62701416015625,0.12346
932,2018-04-12,56.2581672668457,-0.2023
933,2018-04-13,55.93302917480469,-0.4232333333333333
934,2018-04-16,56.67892074584961,0.18625999999999998
935,2018-04-17,57.18575668334961,-0.094225
936,2018-04-18,56.91799926757813,-0.012428571428571424
937,2018-04-19,57.26226806640625,0.0
938,2018-04-20,56.60242080688477,0.16743750000000002
939,2018-04-23,56.26772689819336,-0.045880000000000004
940,2018-04-24,55.76089477539063,0.07436153846153845
941,2018-04-25,56.08603286743164,-0.028308333333333324
942,2018-04-26,56.89887619018555,-0.12173636363636366
943,2018-04-27,56.95624542236328,0.18214
944,2018-04-30,55.588768005371094,0.05488333333333334
945,2018-05-01,56.24859237670898,0.0
946,2018-05-02,55.32099914550781,0.0696
947,2018-05-03,55.39750671386719,-0.14701999999999998
948,2018-05-04,56.17210006713867,0.15969999999999998
949,2018-05-07,56.72674179077149,0.0
950,2018-05-08,56.14340591430664,-0.03287499999999999
951,2018-05-09,56.80324172973633,-0.2032
952,2018-05-10,57.91253280639648,0.1858
953,2018-05-11,58.58192443847656,0.0
954,2018-05-14,59.30871200561523,0.46135
955,2018-05-15,57.89340209960938,-0.1027
956,2018-05-16,58.11334991455078,-0.13935
957,2018-05-17,58.39066696166992,-0.15860000000000002
958,2018-05-18,59.01226043701172,-0.26335
959,2018-05-21,59.39477157592773,0.0
960,2018-05-22,58.70624542236328,0.010320000000000001
961,2018-05-23,59.136573791503906,0.032560000000000006
962,2018-05-24,59.77728271484375,0.13931666666666667
963,2018-05-25,59.64340209960938,-0.0018333333333333353
964,2018-05-29,58.62018203735352,-0.05435000000000004
965,2018-05-30,59.35651397705078,0.09505
966,2018-05-31,58.840126037597656,-0.07400000000000001
967,2018-06-01,59.68165969848633,-0.13708
968,2018-06-04,60.26499557495117,-0.0780888888888889
969,2018-06-05,60.27455139160156,0.006628571428571444
970,2018-06-06,60.76225662231445,0.0
971,2018-06-07,60.41799545288086,0.07247142857142856
972,2018-06-08,60.50405883789063,0.066925
973,2018-06-11,60.37018966674805,0.08818333333333332
974,2018-06-12,60.16935729980469,0.14135000000000006
975,2018-06-13,59.89204406738281,0.12201666666666665
976,2018-06-14,60.20761108398438,0.139075
977,2018-06-15,60.15980529785156,0.2528833333333333
978,2018-06-18,60.07373428344727,0.1147
979,2018-06-19,59.614723205566406,0.0
980,2018-06-20,59.4234619140625,-0.003183333333333344
981,2018-06-21,59.05050277709961,0.11475
982,2018-06-22,59.232200622558594,0.042666666666666665
983,2018-06-25,58.11334991455078,0.006900000000000007
984,2018-06-26,58.151611328125,-0.1975
985,2018-06-27,57.84559631347656,-0.11333333333333336
986,2018-06-28,58.59149169921875,-0.005199999999999996
987,2018-06-29,58.32373428344727,-0.5574
988,2018-07-02,58.33330154418945,-0.1806
989,2018-07-03,58.151611328125,-0.032883333333333334
990,2018-07-05,58.64887619018555,0.009225000000000013
991,2018-07-06,59.44258117675781,0.29600000000000004
992,2018-07-09,59.710350036621094,0.44015
993,2018-07-10,60.06417465209961,0.07286666666666668
994,2018-07-11,59.83465957641602,0.08510000000000001
995,2018-07-12,60.26693344116211,0.0
996,2018-07-13,60.57431030273438,-0.0906
997,2018-07-16,59.34476089477539,-0.4019
998,2018-07-17,60.324562072753906,0.005600000000000003
999,2018-07-18,62.19769668579102,0.21075
1000,2018-07-19,61.26592636108398,0.07881428571428573
1001,2018-07-23,60.70879745483398,0.16244
1002,2018-07-24,61.86149215698242,0.06855263157894738
1003,2018-07-25,62.65876388549805,0.07393999999999999
1004,2018-07-26,63.07182693481445,-0.04433333333333332
1005,2018-07-27,62.6875991821289,0.1366
1006,2018-07-30,62.60113906860352,-0.33918000000000004
1007,2018-07-31,62.95655822753906,-0.4884
1008,2018-08-01,62.22651672363281,-0.3602333333333333
1009,2018-08-03,62.65876388549805,0.0
1010,2018-08-06,62.66836929321289,0.0456
1011,2018-08-07,62.1880874633789,0.11315
1012,2018-08-08,62.28414916992188,0.12726666666666667
1013,2018-08-09,62.09202194213867,0.0258
1014,2018-08-10,61.50607299804688,0.6908
1015,2018-08-13,60.92972946166992,0.0
1016,2018-08-14,61.12184524536133,-0.2263
1017,2018-08-15,60.96814727783203,-0.085
1018,2018-08-16,61.63095092773438,0.11471999999999995
1019,2018-08-17,62.16887664794922,0.2202
1020,2018-08-20,62.09202194213867,-0.2294
1021,2018-08-21,62.19769668579102,0.0
1022,2018-08-22,63.08143997192383,-0.17085
1023,2018-08-23,63.23511505126953,0.15095999999999998
1024,2018-08-24,63.49448013305664,0.13396666666666665
1025,2018-08-27,64.20530700683594,0.0
1026,2018-08-28,64.15728759765625,0.1499222222222222
1027,2018-08-29,64.48387145996094,-0.11078000000000003
1028,2018-08-30,64.37820434570311,-0.18189000000000005
1029,2018-08-31,64.20530700683594,0.0
1030,2018-09-04,64.46466827392578,-0.07316249999999999
1031,2018-09-05,63.39842224121094,0.2470666666666667
1032,2018-09-06,63.23511505126953,0.5758
1033,2018-09-07,63.60015106201172,-0.11315
1034,2018-09-10,63.92673873901367,0.0
1035,2018-09-11,63.97477722167969,-0.1848
1036,2018-09-12,64.33019256591797,0.10236666666666666
1037,2018-09-13,65.79988098144531,0.26335
1038,2018-09-14,65.72303009033203,-0.3723
1039,2018-09-17,65.00257873535156,0.0
1040,2018-09-19,65.79988098144531,0.0
1041,2018-09-20,66.07845306396484,-0.23675
1042,2018-09-21,66.32819366455078,-0.11294000000000001
1043,2018-09-24,68.62399291992189,0.028819999999999988
1044,2018-09-25,69.35402679443361,0.17584285714285713
1045,2018-09-26,69.96880340576172,-0.060025000000000016
1046,2018-09-27,70.14170837402344,-0.4404
1047,2018-09-28,70.46830749511719,0.026975
1048,2018-10-01,71.19835662841797,-0.16285
1049,2018-10-02,70.90057373046875,0.08964
1050,2018-10-04,68.98902130126953,0.0
1051,2018-10-05,68.75846862792969,0.3587333333333333
1052,2018-10-08,68.62399291992189,0.100475
1053,2018-10-09,68.47990417480469,0.0632
1054,2018-10-10,66.20332336425781,0.04933333333333333
1055,2018-10-11,65.68460845947266,0.0
1056,2018-10-12,66.87099456787111,0.0734
1057,2018-10-15,66.26333618164061,0.0
1058,2018-10-16,68.43351745605469,-0.05103333333333334
1059,2018-10-17,67.73905181884766,0.0
1060,2018-10-18,65.72319030761719,-0.0625
1061,2018-10-19,65.19270324707031,-0.29600000000000004
1062,2018-10-22,66.08969879150389,0.3291
1063,2018-10-23,66.13794708251953,-0.25
1064,2018-10-24,64.56575012207031,0.0
1065,2018-10-25,65.26984405517578,0.05548333333333333
1066,2018-10-26,64.61398315429689,-0.16486666666666666
1067,2018-10-29,64.92263031005861,0.13932999999999998
1068,2018-10-30,65.58815002441406,-0.2269333333333333
1069,2018-10-31,66.49481964111328,-0.15685555555555555
1070,2018-11-01,67.66191101074219,0.11596
1071,2018-11-02,67.70049285888672,0.09916
1072,2018-11-05,67.89337921142578,0.11407142857142855
1073,2018-11-06,68.44316864013672,0.11433333333333336
1074,2018-11-07,69.92855072021484,0.045457142857142856
1075,2018-11-08,70.37223815917969,0.031585714285714286
1076,2018-11-09,70.208251953125,0.0
1077,2018-11-12,68.05735778808594,0.0
1078,2018-11-13,67.02530670166016,0.011642857142857135
1079,2018-11-14,66.94814300537111,-0.33555
1080,2018-11-15,68.22133636474611,-0.3687
1081,2018-11-16,69.48487091064453,0.24845
1082,2018-11-19,68.03807067871094,-0.07400000000000001
1083,2018-11-20,66.61054992675781,0.17
1084,2018-11-21,66.09935760498047,-0.12738
1085,2018-11-23,65.69425964355469,0.025333333333333336
1086,2018-11-26,66.36942291259766,-0.06973333333333333
1087,2018-11-27,67.23749542236328,0.108625
1088,2018-11-28,70.24685668945311,0.03558
1089,2018-11-29,70.66159057617188,0.1147
1090,2018-11-30,71.4235610961914,0.12426666666666665
1091,2018-12-03,71.6357650756836,0.2821333333333333
1092,2018-12-04,68.96401977539061,-0.0658375
1093,2018-12-06,69.00259399414061,0.1507666666666667
1094,2018-12-07,67.468994140625,0.24695
1095,2018-12-10,68.40458679199219,0.16838
1096,2018-12-11,69.29195404052734,-0.0017333333333333367
1097,2018-12-12,69.95748138427734,-0.0049000000000000024
1098,2018-12-13,69.61989593505861,-0.0620875
1099,2018-12-14,68.25026702880861,0.2023
1100,2018-12-17,67.27609252929689,-0.13894
1101,2018-12-18,67.59439849853516,-0.100475
1102,2018-12-19,66.55268859863281,0.05892500000000001
1103,2018-12-20,65.95468139648439,0.1204
1104,2018-12-21,64.88404846191406,0.0
1105,2018-12-24,63.23469543457031,0.0
1106,2018-12-26,67.15069580078125,0.27227500000000004
1107,2018-12-27,68.1248779296875,0.0
1108,2018-12-28,68.56855773925781,-0.3612
1109,2018-12-31,69.76457977294922,0.0
1110,2019-01-02,67.03494262695311,0.2084
1111,2019-01-03,63.87128448486328,-0.255
1112,2019-01-04,65.69425964355469,0.0
1113,2019-01-07,66.67807006835939,-0.5267
1114,2019-01-08,65.87751770019531,0.31245
1115,2019-01-09,66.97708129882811,-0.3769333333333333
1116,2019-01-10,66.62984466552734,0.0507
1117,2019-01-11,66.87099456787111,0.34
1118,2019-01-14,66.15391540527344,0.11315
1119,2019-01-15,68.28572082519531,-0.03423333333333333
1120,2019-01-16,67.65586853027344,-0.11333333333333336
1121,2019-01-17,68.33417510986328,0.12055
1122,2019-01-18,69.20628356933594,-0.012499999999999985
1123,2019-01-22,69.27410888671875,0.0
1124,2019-01-23,67.74308776855469,0.08624000000000001
1125,2019-01-24,68.66364288330078,0.3197666666666667
1126,2019-01-25,68.94464874267578,-0.115
1127,2019-01-28,66.90974426269531,0.0
1128,2019-01-29,67.5299072265625,0.006333333333333339
1129,2019-01-30,69.45822143554689,0.2162
1130,2019-01-31,70.71792602539062,0.1105
1131,2019-02-01,70.11714935302734,0.07652
1132,2019-02-04,70.25281524658203,0.04209166666666666
1133,2019-02-05,70.84390258789062,0.068
1134,2019-02-06,71.21211242675781,0.16886666666666664
1135,2019-02-07,70.48535919189453,0.185
1136,2019-02-08,71.05708312988281,0.051025
1137,2019-02-11,71.26057434082031,0.11029999999999998
1138,2019-02-12,72.73345947265625,-0.08427142857142858
1139,2019-02-13,72.07453918457031,0.13330999999999998
1140,2019-02-14,71.67724609375,-0.016199999999999996
1141,2019-02-15,72.91756439208984,0.15546
1142,2019-02-19,72.6753158569336,0.24864000000000006
1143,2019-02-20,73.19857788085938,0.0
1144,2019-02-21,72.81097412109375,-0.025675
1145,2019-02-22,73.77030181884766,-0.2202
1146,2019-02-25,74.4776611328125,0.0
1147,2019-02-26,74.3710708618164,0.1239
1148,2019-02-27,74.8362045288086,0.24695
1149,2019-02-28,75.21411895751953,-0.03152499999999999
1150,2019-03-01,76.15404510498047,-0.20095
1151,2019-03-04,76.18310546875,-0.19152
1152,2019-03-05,75.7955093383789,0.0
1153,2019-03-06,75.29163360595703,-0.18686
1154,2019-03-07,74.4195327758789,0.34393333333333337
1155,2019-03-08,74.25479125976562,-0.08712
1156,2019-03-11,75.3982162475586,0.1405
1157,2019-03-12,75.81489562988281,0.1493888888888889
1158,2019-03-13,76.18310546875,-0.08385000000000001
1159,2019-03-14,76.5319595336914,0.0
1160,2019-03-15,77.38468170166016,-0.1774625
1161,2019-03-18,76.38661193847656,-0.05853333333333335
1162,2019-03-19,77.48157501220703,-0.1975
1163,2019-03-20,77.46221160888672,-0.23876666666666665
1164,2019-03-21,77.5784912109375,0.0
1165,2019-03-22,75.55326080322266,0.0
1166,2019-03-25,75.80520629882812,0.13558333333333336
1167,2019-03-26,76.55133819580078,0.105375
1168,2019-03-27,76.28971099853516,0.0256
1169,2019-03-28,76.97769165039062,0.2446833333333333
1170,2019-03-29,77.46221160888672,-0.13586666666666666
1171,2019-04-01,77.19087982177734,0.04633333333333334
1172,2019-04-02,77.15211486816406,0.06086666666666667
1173,2019-04-03,77.03582763671875,0.25795999999999997
1174,2019-04-04,76.18310546875,-0.318
1175,2019-04-05,76.55133819580078,-0.1223
1176,2019-04-08,76.08621215820312,-0.009088888888888877
1177,2019-04-09,76.23155975341797,-0.12972
1178,2019-04-10,76.52227020263672,0.08862
1179,2019-04-11,76.07652282714844,-0.34405714285714284
1180,2019-04-12,75.90139770507812,-0.03173333333333332
1181,2019-04-15,75.4051742553711,0.4741
1182,2019-04-17,70.91004180908203,0.28272499999999995
1183,2019-04-22,72.49598693847656,-0.10606666666666666
1184,2019-04-23,74.04299926757812,-0.1678166666666667
1185,2019-04-24,74.6754379272461,0.33525
1186,2019-04-25,75.9986801147461,-0.011400000000000009
1187,2019-04-26,76.43651580810547,0.09545
1188,2019-04-29,76.15435028076172,-0.02069230769230769
1189,2019-04-30,77.40948486328125,-0.02141818181818181
1190,2019-05-01,76.61165618896484,-0.18292000000000005
1191,2019-05-02,76.65056610107422,0.35746666666666665
1192,2019-05-03,76.5630111694336,0.3793
1193,2019-05-06,76.93273162841797,-0.07483333333333335
1194,2019-05-07,74.83112335205078,0.21996
1195,2019-05-08,74.1597671508789,0.037166666666666674
1196,2019-05-09,74.35436248779297,-0.36225
1197,2019-05-10,74.383544921875,-0.32299999999999995
1198,2019-05-13,73.45923614501953,-0.12726666666666667
1199,2019-05-14,73.97489166259766,-0.04323333333333334
1200,2019-05-15,74.44192504882812,0.0
1201,2019-05-16,74.52949523925781,-0.23835
1202,2019-05-17,73.91653442382812,-0.5303
1203,2019-05-20,73.72193908691406,-0.16651333333333335
1204,2019-05-21,73.97489166259766,0.05979000000000001
1205,2019-05-22,74.19869232177734,-0.262325
1206,2019-05-23,73.58573150634766,-0.08895
1207,2019-05-24,74.89923095703125,0.025066666666666668
1208,2019-05-28,73.66354370117188,0.0
1209,2019-05-29,73.62462615966797,-0.051766666666666655
1210,2019-05-30,74.45165252685547,-0.20553333333333332
1211,2019-05-31,74.07220458984375,0.2889
1212,2019-06-03,73.66354370117188,0.11695999999999995
1213,2019-06-04,75.36624908447266,-0.30485
1214,2019-06-05,76.5630111694336,0.14426250000000002
1215,2019-06-06,77.92516326904297,-0.09438
1216,2019-06-07,78.5575942993164,-0.09347500000000003
1217,2019-06-10,79.0732650756836,-0.042666666666666665
1218,2019-06-11,78.92732238769531,0.00608571428571429
1219,2019-06-12,79.7348861694336,-0.08811666666666666
1220,2019-06-13,80.06571197509766,-0.2787
1221,2019-06-14,79.99759674072266,0.07415999999999999
1222,2019-06-17,79.83219146728516,0.1953666666666667
1223,2019-06-18,81.16515350341797,0.13194
1224,2019-06-19,82.0505599975586,0.2465
1225,2019-06-20,82.64407348632812,0.09866666666666668
1226,2019-06-21,82.70245361328125,0.21385
1227,2019-06-24,82.4202880859375,0.15938000000000002
1228,2019-06-25,81.96298217773438,-0.4995
1229,2019-06-26,80.71758270263672,-0.04438888888888889
1230,2019-06-27,81.4278564453125,0.0
1231,2019-06-28,81.82676696777344,0.26825
1232,2019-07-01,82.20623016357422,0.17866666666666667
1233,2019-07-02,82.65379333496094,-0.07433333333333332
1234,2019-07-03,83.32514190673828,-0.32985
1235,2019-07-05,83.11109161376953,-0.14800000000000002
1236,2019-07-08,82.79000091552734,0.20793333333333333
1237,2019-07-09,82.96514892578125,0.131675
1238,2019-07-10,83.07218170166016,-0.009849999999999998
1239,2019-07-11,83.45162963867188,0.0
1240,2019-07-12,81.95741271972656,0.09545
1241,2019-07-15,81.8499755859375,0.221625
1242,2019-07-16,81.2151870727539,0.0641
1243,2019-07-17,83.75438690185547,-0.013614285714285714
1244,2019-07-18,85.70761108398438,-0.041380000000000014
1245,2019-07-19,85.44391632080078,-0.43183333333333335
1246,2019-07-22,86.01036071777344,0.31845
1247,2019-07-23,86.6646957397461,-0.1147
1248,2019-07-24,86.51819610595703,0.0049000000000000024
1249,2019-07-25,85.9419937133789,0.2555375
1250,2019-07-26,85.69784545898438,0.0745
1251,2019-07-29,86.47913360595703,0.33584
1252,2019-07-30,86.24474334716797,0.010214285714285707
1253,2019-07-31,85.06304931640625,0.3818
1254,2019-08-01,84.06690979003906,0.0
1255,2019-08-02,83.81298065185547,-0.13286666666666666
1256,2019-08-05,81.2151870727539,-0.02472
1257,2019-08-06,82.87543487548828,-0.21615
1258,2019-08-08,83.55905151367188,-0.0172
1259,2019-08-12,82.68009948730469,-0.10115
1260,2019-08-13,84.85795593261719,-0.068475
1261,2019-08-14,81.97694396972656,0.187
1262,2019-08-15,81.97694396972656,0.020700000000000014
1263,2019-08-16,82.79730224609375,0.34
1264,2019-08-19,83.55905151367188,-0.19068
1265,2019-08-20,82.56291961669922,-0.1848
1266,2019-08-21,82.91449737548828,0.13396666666666665
1267,2019-08-22,82.39689636230469,-0.20553333333333332
1268,2019-08-23,80.01395416259766,0.09884285714285716
1269,2019-08-26,81.1761245727539,-0.17556666666666665
1270,2019-08-27,81.69373321533203,0.0
1271,2019-08-28,82.25040435791016,-0.048466666666666665
1272,2019-08-29,82.83635711669922,0.014999999999999994
1273,2019-08-30,83.32467651367188,0.10774999999999997
1274,2019-09-03,82.09413146972656,0.0
1275,2019-09-04,82.25040435791016,0.1591
1276,2019-09-05,83.89110565185547,-0.051299999999999985
1277,2019-09-06,84.02782440185547,-0.002980000000000005
1278,2019-09-09,82.25040435791016,0.05805000000000001
1279,2019-09-10,81.26402282714844,-0.34435
1280,2019-09-11,82.54337310791016,-0.11785
1281,2019-09-12,83.21723937988281,0.1224
1282,2019-09-13,82.29922485351562,0.0
1283,2019-09-16,81.41051483154297,0.0
1284,2019-09-17,81.6253662109375,-0.254525
1285,2019-09-18,81.68395233154297,0.04472499999999999
1286,2019-09-19,81.28355407714844,-0.18178571428571427
1287,2019-09-20,81.6253662109375,0.051933333333333324
1288,2019-09-23,81.2151870727539,-0.5319
1289,2019-09-24,80.51202392578125,0.154975
1290,2019-09-25,80.92220306396484,0.11043333333333333
1291,2019-09-26,80.72688293457031,-0.048324999999999986
1292,2019-09-27,79.92607116699219,-0.2400333333333333
1293,2019-10-01,79.92607116699219,-0.09562
1294,2019-10-02,77.67007446289062,0.0
1295,2019-10-03,79.174072265625,-0.20095
1296,2019-10-07,79.14476013183594,-0.2202
1297,2019-10-08,76.67393493652344,-0.013199999999999998
1298,2019-10-09,77.6407699584961,-0.15825000000000006
1299,2019-10-10,78.26580810546875,-0.05104
1300,2019-10-11,78.07951354980469,-0.0754
1301,2019-10-14,78.26580810546875,0.05311666666666668
1302,2019-10-15,80.3837661743164,-0.13674999999999998
1303,2019-10-16,80.1876449584961,0.0
1304,2019-10-17,80.7759780883789,0.3818
1305,2019-10-18,81.17799377441406,0.2202
1306,2019-10-21,80.0601806640625,0.29600000000000004
1307,2019-10-22,78.97179412841797,-0.07604999999999999
1308,2019-10-23,79.68757629394531,0.0258
1309,2019-10-24,79.77583312988281,0.25099999999999995
1310,2019-10-25,80.0601806640625,0.21424285714285712
1311,2019-10-28,81.0505142211914,-0.06773333333333335
1312,2019-10-29,81.82512664794922,0.056520000000000015
1313,2019-10-30,82.37422943115234,-0.038275
1314,2019-10-31,81.98202514648438,0.4995
1315,2019-11-01,81.0505142211914,0.033266666666666674
1316,2019-11-04,80.61908721923828,0.02930000000000002
1317,2019-11-05,80.73675537109375,0.0903
1318,2019-11-06,81.5015640258789,-0.28595
1319,2019-11-07,81.76630401611328,-0.47095
1320,2019-11-08,82.10948944091797,0.3182
1321,2019-11-11,82.12910461425781,0.06438571428571427
1322,2019-11-13,82.58014678955078,0.0
1323,2019-11-14,82.48208618164062,0.3182
1324,2019-11-15,84.04113006591797,0.065325
1325,2019-11-18,82.6193618774414,0.20095
1326,2019-11-19,82.6487808227539,0.3106
1327,2019-11-20,82.2565689086914,-0.15499999999999994
1328,2019-11-25,82.84487915039062,-0.23726000000000005
1329,2019-11-26,83.75677490234375,-0.18014000000000002
1330,2019-11-27,83.75677490234375,0.12084
1331,2019-11-29,83.78618621826172,0.17
1332,2019-12-02,82.86449432373047,-0.0399857142857143
1333,2019-12-03,82.71741485595703,0.16334
1334,2019-12-04,83.52144622802734,-0.05013749999999999
1335,2019-12-05,83.58026885986328,0.13124999999999998
1336,2019-12-06,83.81560516357422,0.0
1337,2019-12-09,82.2369613647461,0.7964
1338,2019-12-10,82.91351318359375,0.012800000000000004
1339,2019-12-11,83.25670623779297,0.1244
1340,2019-12-12,84.29606628417969,-0.0772
1341,2019-12-13,84.66867065429688,0.0
1342,2019-12-16,84.71768951416016,-0.42925
1343,2019-12-17,85.36483764648438,0.44015
1344,2019-12-18,85.23737335205078,0.130475
1345,2019-12-19,85.6491928100586,0.08895
1346,2019-12-20,84.97264099121094,0.3182
1347,2019-12-23,85.6491928100586,0.0
1348,2019-12-24,85.58055877685547,0.7579
1349,2019-12-26,85.58055877685547,0.11333333333333336
1350,2019-12-27,85.69822692871094,-0.15419999999999998
1351,2019-12-30,85.10991668701172,-0.225875
1352,2019-12-31,85.16873931884766,0.0
1353,2020-01-02,85.2569808959961,-0.3703666666666667
1354,2020-01-03,84.2176284790039,-0.07238571428571429
1355,2020-01-06,84.65885925292969,0.09981666666666666
1356,2020-01-07,84.1882095336914,0.004544444444444439
1357,2020-01-08,84.5313949584961,0.2038
1358,2020-01-09,84.75691986083984,-0.1073
1359,2020-01-10,83.69794464111328,0.14873333333333333
1360,2020-01-13,83.4626235961914,-0.21733333333333332
1361,2020-01-14,84.42760467529297,0.12013749999999998
1362,2020-01-15,86.04251098632812,0.21325
1363,2020-01-16,86.92874145507812,-0.0439
1364,2020-01-17,87.6377182006836,0.07007500000000001
1365,2020-01-21,88.35655212402344,0.1591
1366,2020-01-22,90.45393371582031,0.2478111111111111
1367,2020-01-23,89.34123992919922,-0.06823333333333334
1368,2020-01-24,89.01629638671875,0.05588571428571428
1369,2020-01-27,88.21868896484375,0.041466666666666666
1370,2020-01-28,88.16944885253906,0.0
1371,2020-01-29,87.77556610107422,0.07237692307692307
1372,2020-01-30,87.79527282714844,0.02735833333333333
1373,2020-01-31,85.80618286132812,0.26079
1374,2020-02-03,85.72740936279297,0.1187969696969697
1375,2020-02-04,86.87950897216797,0.06956842105263157
1376,2020-02-05,88.18914031982422,0.0996304347826087
